id,comment_text,user_id_x,photo_id,created_at,image_url,user_id_y,created_dat
1,dolphin,2,1,2023-05-13 15:14:58,https://www.thoughtco.com/thmb/5dYYso5ZSMnYiwVfUz-7zZCL8l0=/1500x0/filters:no_upscale():max_bytes(150000):strip_icc()/atlantic-bottlenose-dolphin--jumping-high-during-a-dolphin-training-demonstration-154724035-59ce93949abed50011352530.jpg,1,2023-05-13 15:14:58
2,house,3,1,2023-05-13 15:14:58,https://encrypted-tbn0.gstatic.com/images?q=tbn:ANd9GcTcqgtsGNO_IfzYM6VPS8lNikw4JWE-gsEBjQ&s,1,2023-05-13 15:14:58
3,books,5,1,2023-05-13 15:14:58,https://encrypted-tbn0.gstatic.com/images?q=tbn:ANd9GcTKnVp3abpKHU6VI-9TV3Rova8rKtVHp-b0Sg&s,1,2023-05-13 15:14:58
4,aeroplane,14,1,2023-05-13 15:14:58,https://images.unsplash.com/photo-1529074963764-98f45c47344b?fm=jpg&q=60&w=3000&ixlib=rb-4.0.3&ixid=M3wxMjA3fDB8MHxzZWFyY2h8N3x8YWVyb3BsYW5lfGVufDB8fDB8fHww,1,2023-05-13 15:14:58
5,guns,17,1,2023-05-13 15:14:58,https://upload.wikimedia.org/wikipedia/commons/thumb/f/f7/M16_and_AK-47_comparison.png/640px-M16_and_AK-47_comparison.png,1,2023-05-13 15:14:58
6,cricket,21,1,2023-05-13 15:14:58,https://img.freepik.com/free-photo/cricket-equipments-green-grass_53876-63200.jpg,2,2023-05-13 15:14:58
7,exercitationem occaecati neque,24,1,2023-05-13 15:14:58,https://selina.name,2,2023-05-13 15:14:58
8,sint ad fugiat,31,1,2023-05-13 15:14:58,http://malvina.org,2,2023-05-13 15:14:58
9,nesciunt aut nesciunt,36,1,2023-05-13 15:14:58,https://branson.biz,2,2023-05-13 15:14:58
10,laudantium ut nostrum,41,1,2023-05-13 15:14:58,https://elenor.name,3,2023-05-13 15:14:58
11,omnis aut asperiores,52,1,2023-05-13 15:14:58,https://marcelino.com,3,2023-05-13 15:14:58
12,et eum molestias,54,1,2023-05-13 15:14:58,http://felicity.name,3,2023-05-13 15:14:58
13,alias pariatur neque,55,1,2023-05-13 15:14:58,https://fred.com,3,2023-05-13 15:14:58
14,amet iure adipisci,57,1,2023-05-13 15:14:58,https://gerhard.biz,4,2023-05-13 15:14:58
15,cum enim repellat,62,1,2023-05-13 15:14:58,https://sherwood.net,4,2023-05-13 15:14:58
16,provident dolorem non,63,1,2023-05-13 15:14:58,https://maudie.org,4,2023-05-13 15:14:58
17,eos consequuntur impedit,66,1,2023-05-13 15:14:58,http://annamae.name,6,2023-05-13 15:14:58
18,voluptas nemo blanditiis,71,1,2023-05-13 15:14:58,https://mac.org,6,2023-05-13 15:14:58
19,id fugit dolores,72,1,2023-05-13 15:14:58,http://miracle.info,6,2023-05-13 15:14:58
20,occaecati tenetur exercitationem,75,1,2023-05-13 15:14:58,http://emmet.com,6,2023-05-13 15:14:58
21,quasi deserunt voluptates,76,1,2023-05-13 15:14:58,https://lisa.com,6,2023-05-13 15:14:58
22,reprehenderit sunt cumque,78,1,2023-05-13 15:14:58,https://brooklyn.name,8,2023-05-13 15:14:58
23,non impedit ut,87,1,2023-05-13 15:14:58,http://madison.net,8,2023-05-13 15:14:58
24,voluptatum sit id,91,1,2023-05-13 15:14:58,http://annie.name,8,2023-05-13 15:14:58
25,tenetur voluptas aspernatur,98,1,2023-05-13 15:14:58,http://darron.info,8,2023-05-13 15:14:58
26,in veritatis quia,3,2,2023-05-13 15:14:58,http://saige.com,9,2023-05-13 15:14:58
27,quis facilis ea,5,2,2023-05-13 15:14:58,https://reece.net,9,2023-05-13 15:14:58
28,quia est sit,14,2,2023-05-13 15:14:58,http://vance.org,9,2023-05-13 15:14:58
29,voluptatem doloremque accusamus,15,2,2023-05-13 15:14:58,http://ignacio.net,9,2023-05-13 15:14:58
30,consectetur inventore quis,18,2,2023-05-13 15:14:58,http://kenny.com,10,2023-05-13 15:14:58
31,sunt dolorem reprehenderit,19,2,2023-05-13 15:14:58,http://remington.name,10,2023-05-13 15:14:58
32,omnis omnis nulla,21,2,2023-05-13 15:14:58,http://kurtis.info,10,2023-05-13 15:14:58
33,ullam in facilis,24,2,2023-05-13 15:14:58,https://alisha.com,11,2023-05-13 15:14:58
34,possimus consequuntur occaecati,28,2,2023-05-13 15:14:58,https://henderson.com,11,2023-05-13 15:14:58
35,voluptas dicta aut,30,2,2023-05-13 15:14:58,http://bonnie.info,11,2023-05-13 15:14:58
36,explicabo qui ipsum,31,2,2023-05-13 15:14:58,http://kennith.net,11,2023-05-13 15:14:58
37,qui pariatur dolor,35,2,2023-05-13 15:14:58,http://camille.name,11,2023-05-13 15:14:58
38,ratione debitis laborum,36,2,2023-05-13 15:14:58,http://alena.net,12,2023-05-13 15:14:58
39,voluptate id dignissimos,41,2,2023-05-13 15:14:58,http://ralph.name,12,2023-05-13 15:14:58
40,tempore quod possimus,42,2,2023-05-13 15:14:58,https://tyshawn.com,12,2023-05-13 15:14:58
41,corporis ut necessitatibus,43,2,2023-05-13 15:14:58,https://adella.net,12,2023-05-13 15:14:58
42,culpa aut aut,47,2,2023-05-13 15:14:58,https://cielo.info,13,2023-05-13 15:14:58
43,rem quia et,48,2,2023-05-13 15:14:58,https://easter.net,13,2023-05-13 15:14:58
44,eaque dolor velit,54,2,2023-05-13 15:14:58,http://golden.org,13,2023-05-13 15:14:58
45,non odit rerum,57,2,2023-05-13 15:14:58,http://kendall.biz,13,2023-05-13 15:14:58
46,accusamus nobis quod,60,2,2023-05-13 15:14:58,https://glenda.info,13,2023-05-13 15:14:58
47,beatae dicta recusandae,65,2,2023-05-13 15:14:58,http://dominic.biz,15,2023-05-13 15:14:58
48,culpa a ut,66,2,2023-05-13 15:14:58,http://tressie.info,15,2023-05-13 15:14:58
49,quis aliquam velit,71,2,2023-05-13 15:14:58,http://estevan.org,15,2023-05-13 15:14:58
50,aspernatur occaecati tempore,75,2,2023-05-13 15:14:58,http://zena.com,15,2023-05-13 15:14:58
51,vel eos et,76,2,2023-05-13 15:14:58,https://abagail.com,16,2023-05-13 15:14:58
52,quam fugiat tempore,82,2,2023-05-13 15:14:58,https://hershel.com,16,2023-05-13 15:14:58
53,dolor alias aut,85,2,2023-05-13 15:14:58,http://collin.com,16,2023-05-13 15:14:58
54,ut in eaque,87,2,2023-05-13 15:14:58,https://clair.com,16,2023-05-13 15:14:58
55,totam nostrum dicta,91,2,2023-05-13 15:14:58,https://deondre.com,17,2023-05-13 15:14:58
56,in saepe sit,95,2,2023-05-13 15:14:58,http://tristin.name,17,2023-05-13 15:14:58
57,necessitatibus ipsam et,5,3,2023-05-13 15:14:58,http://kirk.org,17,2023-05-13 15:14:58
58,non reiciendis nam,14,3,2023-05-13 15:14:58,https://modesta.info,18,2023-05-13 15:14:58
59,modi magnam quia,15,3,2023-05-13 15:14:58,http://rylan.biz,19,2023-05-13 15:14:58
60,architecto tempora natus,21,3,2023-05-13 15:14:58,https://noemie.com,19,2023-05-13 15:14:58
61,molestiae iure ullam,24,3,2023-05-13 15:14:58,https://dejon.name,20,2023-05-13 15:14:58
62,adipisci aut dicta,27,3,2023-05-13 15:14:58,https://rigoberto.net,22,2023-05-13 15:14:58
63,quia dolores voluptatem,35,3,2023-05-13 15:14:58,http://megane.biz,23,2023-05-13 15:14:58
64,incidunt suscipit et,36,3,2023-05-13 15:14:58,http://emmalee.org,23,2023-05-13 15:14:58
65,rerum vel ut,37,3,2023-05-13 15:14:58,http://nathan.net,23,2023-05-13 15:14:58
66,aperiam delectus odio,38,3,2023-05-13 15:14:58,http://lionel.net,23,2023-05-13 15:14:58
67,dicta inventore ea,41,3,2023-05-13 15:14:58,http://danyka.net,23,2023-05-13 15:14:58
68,quos est quia,43,3,2023-05-13 15:14:58,https://woodrow.com,23,2023-05-13 15:14:58
69,minima est odio,44,3,2023-05-13 15:14:58,http://harvey.info,23,2023-05-13 15:14:58
70,libero odit aut,50,3,2023-05-13 15:14:58,http://aiden.org,23,2023-05-13 15:14:58
71,quia et quod,54,3,2023-05-13 15:14:58,https://tito.name,23,2023-05-13 15:14:58
72,nobis pariatur qui,57,3,2023-05-13 15:14:58,https://julian.net,23,2023-05-13 15:14:58
73,nostrum fugiat et,62,3,2023-05-13 15:14:58,https://mafalda.org,23,2023-05-13 15:14:58
74,iusto et eius,63,3,2023-05-13 15:14:58,http://verner.org,23,2023-05-13 15:14:58
75,et placeat ipsam,66,3,2023-05-13 15:14:58,https://elmore.org,26,2023-05-13 15:14:58
76,placeat repudiandae sit,67,3,2023-05-13 15:14:58,http://kasandra.com,26,2023-05-13 15:14:58
77,natus sit harum,70,3,2023-05-13 15:14:58,https://jarret.info,26,2023-05-13 15:14:58
78,consectetur qui at,71,3,2023-05-13 15:14:58,http://einar.net,26,2023-05-13 15:14:58
79,reiciendis reiciendis ad,75,3,2023-05-13 15:14:58,http://terry.info,26,2023-05-13 15:14:58
80,dolores accusantium sint,76,3,2023-05-13 15:14:58,https://holden.com,27,2023-05-13 15:14:58
81,cum adipisci alias,79,3,2023-05-13 15:14:58,https://jacinto.org,28,2023-05-13 15:14:58
82,facere dicta est,91,3,2023-05-13 15:14:58,https://geoffrey.info,28,2023-05-13 15:14:58
83,temporibus qui error,97,3,2023-05-13 15:14:58,http://paxton.com,28,2023-05-13 15:14:58
84,aut rem officia,5,4,2023-05-13 15:14:58,https://trinity.biz,28,2023-05-13 15:14:58
85,rerum ea harum,6,4,2023-05-13 15:14:58,http://fabiola.org,29,2023-05-13 15:14:58
86,laboriosam eos a,8,4,2023-05-13 15:14:58,https://bryce.org,29,2023-05-13 15:14:58
87,laboriosam aut occaecati,11,4,2023-05-13 15:14:58,http://emery.net,29,2023-05-13 15:14:58
88,alias sapiente dolore,14,4,2023-05-13 15:14:58,https://marian.biz,29,2023-05-13 15:14:58
89,aut voluptatem distinctio,15,4,2023-05-13 15:14:58,https://kennedi.org,29,2023-05-13 15:14:58
90,error voluptatum eius,18,4,2023-05-13 15:14:58,https://fanny.net,29,2023-05-13 15:14:58
91,magni magni aspernatur,20,4,2023-05-13 15:14:58,http://lottie.net,29,2023-05-13 15:14:58
92,laboriosam quidem numquam,21,4,2023-05-13 15:14:58,http://lacy.biz,29,2023-05-13 15:14:58
93,ut possimus distinctio,22,4,2023-05-13 15:14:58,https://jensen.name,30,2023-05-13 15:14:58
94,molestiae veritatis aut,24,4,2023-05-13 15:14:58,http://virginia.org,30,2023-05-13 15:14:58
95,vitae iusto labore,26,4,2023-05-13 15:14:58,https://ariel.net,31,2023-05-13 15:14:58
96,id assumenda excepturi,33,4,2023-05-13 15:14:58,http://roger.info,32,2023-05-13 15:14:58
97,animi ea distinctio,36,4,2023-05-13 15:14:58,https://carolanne.com,32,2023-05-13 15:14:58
98,eaque sint veritatis,41,4,2023-05-13 15:14:58,https://margarita.info,32,2023-05-13 15:14:58
99,expedita exercitationem officiis,42,4,2023-05-13 15:14:58,https://kayden.biz,32,2023-05-13 15:14:58
100,cupiditate qui facere,47,4,2023-05-13 15:14:58,https://brook.com,33,2023-05-13 15:14:58
101,est ut quisquam,50,4,2023-05-13 15:14:58,https://gust.net,33,2023-05-13 15:14:58
102,provident et vel,54,4,2023-05-13 15:14:58,http://bridie.name,33,2023-05-13 15:14:58
103,similique autem quia,57,4,2023-05-13 15:14:58,http://barton.name,33,2023-05-13 15:14:58
104,dolorum exercitationem tempora,66,4,2023-05-13 15:14:58,https://karina.biz,33,2023-05-13 15:14:58
105,incidunt aut perspiciatis,67,4,2023-05-13 15:14:58,https://mariam.com,35,2023-05-13 15:14:58
106,occaecati assumenda voluptas,71,4,2023-05-13 15:14:58,https://trycia.com,35,2023-05-13 15:14:58
107,vel ipsam ut,75,4,2023-05-13 15:14:58,https://everette.biz,37,2023-05-13 15:14:58
108,ea autem assumenda,76,4,2023-05-13 15:14:58,http://boris.biz,38,2023-05-13 15:14:58
109,quia facilis non,79,4,2023-05-13 15:14:58,http://arthur.name,38,2023-05-13 15:14:58
110,perspiciatis et sit,85,4,2023-05-13 15:14:58,https://cesar.com,39,2023-05-13 15:14:58
111,voluptatem possimus ea,91,4,2023-05-13 15:14:58,http://charlie.com,40,2023-05-13 15:14:58
112,molestiae perferendis quaerat,95,4,2023-05-13 15:14:58,https://lina.biz,42,2023-05-13 15:14:58
113,error consectetur dolor,97,4,2023-05-13 15:14:58,https://darwin.net,42,2023-05-13 15:14:58
114,molestiae quia pariatur,98,4,2023-05-13 15:14:58,https://aliyah.biz,42,2023-05-13 15:14:58
115,quia omnis ab,100,4,2023-05-13 15:14:58,http://euna.info,43,2023-05-13 15:14:58
116,doloremque sit totam,5,5,2023-05-13 15:14:58,https://maymie.net,43,2023-05-13 15:14:58
117,aliquid at eum,14,5,2023-05-13 15:14:58,http://joanie.name,43,2023-05-13 15:14:58
118,at est ipsam,17,5,2023-05-13 15:14:58,http://whitney.net,43,2023-05-13 15:14:58
119,optio quidem dolor,21,5,2023-05-13 15:14:58,http://garrison.name,43,2023-05-13 15:14:58
120,dolores voluptates sit,22,5,2023-05-13 15:14:58,https://olga.org,44,2023-05-13 15:14:58
121,molestiae hic est,24,5,2023-05-13 15:14:58,https://donavon.org,44,2023-05-13 15:14:58
122,possimus quia adipisci,26,5,2023-05-13 15:14:58,http://moses.biz,44,2023-05-13 15:14:58
123,nostrum modi minima,28,5,2023-05-13 15:14:58,http://shannon.org,44,2023-05-13 15:14:58
124,aperiam sint aut,36,5,2023-05-13 15:14:58,http://kendrick.net,46,2023-05-13 15:14:58
125,iusto tempora at,41,5,2023-05-13 15:14:58,https://carey.com,46,2023-05-13 15:14:58
126,quae et ratione,42,5,2023-05-13 15:14:58,http://lia.biz,46,2023-05-13 15:14:58
127,consequatur magnam ut,44,5,2023-05-13 15:14:58,https://celestine.name,46,2023-05-13 15:14:58
128,perspiciatis dolorum ad,48,5,2023-05-13 15:14:58,http://laila.info,47,2023-05-13 15:14:58
129,ipsa excepturi neque,54,5,2023-05-13 15:14:58,http://buddy.com,47,2023-05-13 15:14:58
130,explicabo nulla sed,57,5,2023-05-13 15:14:58,http://americo.biz,47,2023-05-13 15:14:58
131,nihil voluptas eligendi,60,5,2023-05-13 15:14:58,http://lurline.info,47,2023-05-13 15:14:58
132,porro doloribus corporis,66,5,2023-05-13 15:14:58,http://kailee.org,47,2023-05-13 15:14:58
133,libero ut eveniet,71,5,2023-05-13 15:14:58,https://edyth.com,48,2023-05-13 15:14:58
134,enim ut et,72,5,2023-05-13 15:14:58,https://isaias.biz,50,2023-05-13 15:14:58
135,non cumque aliquam,75,5,2023-05-13 15:14:58,http://rosetta.net,50,2023-05-13 15:14:58
136,rerum amet assumenda,76,5,2023-05-13 15:14:58,https://marianna.info,50,2023-05-13 15:14:58
137,omnis nihil eligendi,79,5,2023-05-13 15:14:58,https://roel.org,51,2023-05-13 15:14:58
138,officiis nulla beatae,84,5,2023-05-13 15:14:58,http://julia.info,51,2023-05-13 15:14:58
139,vitae qui voluptates,91,5,2023-05-13 15:14:58,https://seamus.org,51,2023-05-13 15:14:58
140,ut non ipsam,94,5,2023-05-13 15:14:58,https://earline.info,51,2023-05-13 15:14:58
141,nostrum nam et,95,5,2023-05-13 15:14:58,http://quinten.info,51,2023-05-13 15:14:58
142,rerum repellendus voluptas,97,5,2023-05-13 15:14:58,https://dolores.org,52,2023-05-13 15:14:58
143,modi ut unde,5,6,2023-05-13 15:14:58,https://aimee.info,52,2023-05-13 15:14:58
144,illum rem dignissimos,6,6,2023-05-13 15:14:58,https://roderick.name,52,2023-05-13 15:14:58
145,vero quis aliquam,11,6,2023-05-13 15:14:58,https://jarret.name,52,2023-05-13 15:14:58
146,ipsam numquam iure,14,6,2023-05-13 15:14:58,https://cathrine.com,52,2023-05-13 15:14:58
147,atque porro cum,19,6,2023-05-13 15:14:58,https://adela.com,55,2023-05-13 15:14:58
148,delectus delectus qui,21,6,2023-05-13 15:14:58,https://demarco.com,56,2023-05-13 15:14:58
149,quisquam itaque quisquam,24,6,2023-05-13 15:14:58,https://lila.biz,58,2023-05-13 15:14:58
150,voluptatem error repellendus,26,6,2023-05-13 15:14:58,http://ruben.net,58,2023-05-13 15:14:58
151,provident facilis esse,36,6,2023-05-13 15:14:58,https://alia.name,58,2023-05-13 15:14:58
152,sed quia iure,41,6,2023-05-13 15:14:58,http://rickey.name,58,2023-05-13 15:14:58
153,incidunt ipsum voluptatem,46,6,2023-05-13 15:14:58,http://janie.com,58,2023-05-13 15:14:58
154,eveniet reprehenderit repellendus,47,6,2023-05-13 15:14:58,http://myron.org,58,2023-05-13 15:14:58
155,quo veritatis error,52,6,2023-05-13 15:14:58,http://pearl.info,58,2023-05-13 15:14:58
156,vel quasi vel,54,6,2023-05-13 15:14:58,http://victoria.biz,58,2023-05-13 15:14:58
157,ullam ullam nam,57,6,2023-05-13 15:14:58,https://carmella.com,59,2023-05-13 15:14:58
158,rerum deserunt nisi,61,6,2023-05-13 15:14:58,http://leo.com,59,2023-05-13 15:14:58
159,voluptatem id molestiae,62,6,2023-05-13 15:14:58,http://jedediah.net,59,2023-05-13 15:14:58
160,consequuntur accusamus eligendi,66,6,2023-05-13 15:14:58,http://sedrick.net,59,2023-05-13 15:14:58
161,velit fuga voluptates,71,6,2023-05-13 15:14:58,https://clare.org,59,2023-05-13 15:14:58
162,consequatur provident ratione,73,6,2023-05-13 15:14:58,https://malcolm.name,59,2023-05-13 15:14:58
163,impedit explicabo veniam,75,6,2023-05-13 15:14:58,https://lesly.com,59,2023-05-13 15:14:58
164,magnam tempora voluptas,76,6,2023-05-13 15:14:58,https://roberta.net,59,2023-05-13 15:14:58
165,aliquam ut architecto,78,6,2023-05-13 15:14:58,https://estell.info,59,2023-05-13 15:14:58
166,qui error ut,84,6,2023-05-13 15:14:58,http://kaleigh.biz,59,2023-05-13 15:14:58
167,consectetur quia perferendis,91,6,2023-05-13 15:14:58,http://blanca.org,60,2023-05-13 15:14:58
168,autem atque nam,93,6,2023-05-13 15:14:58,http://delpha.com,60,2023-05-13 15:14:58
169,nulla laboriosam deserunt,97,6,2023-05-13 15:14:58,http://annabelle.org,61,2023-05-13 15:14:58
170,qui deleniti incidunt,99,6,2023-05-13 15:14:58,http://ephraim.com,62,2023-05-13 15:14:58
171,sed voluptas esse,100,6,2023-05-13 15:14:58,https://dameon.name,62,2023-05-13 15:14:58
172,ea nam laudantium,5,7,2023-05-13 15:14:58,https://julianne.org,63,2023-05-13 15:14:58
173,veritatis aliquam occaecati,9,7,2023-05-13 15:14:58,https://jasmin.biz,63,2023-05-13 15:14:58
174,vel quo voluptatem,10,7,2023-05-13 15:14:58,https://delbert.net,63,2023-05-13 15:14:58
175,ut ut quisquam,11,7,2023-05-13 15:14:58,https://norval.com,63,2023-05-13 15:14:58
176,repellat quod odio,14,7,2023-05-13 15:14:58,https://jessy.name,64,2023-05-13 15:14:58
177,porro magnam perspiciatis,19,7,2023-05-13 15:14:58,https://nolan.name,64,2023-05-13 15:14:58
178,quo ex quis,21,7,2023-05-13 15:14:58,http://devon.info,64,2023-05-13 15:14:58
179,sunt deleniti delectus,24,7,2023-05-13 15:14:58,http://ora.net,64,2023-05-13 15:14:58
180,dignissimos facilis consequatur,27,7,2023-05-13 15:14:58,https://vivien.com,64,2023-05-13 15:14:58
181,est repellat dolore,33,7,2023-05-13 15:14:58,https://hilda.info,65,2023-05-13 15:14:58
182,impedit quia enim,36,7,2023-05-13 15:14:58,https://dorcas.biz,65,2023-05-13 15:14:58
183,porro pariatur omnis,40,7,2023-05-13 15:14:58,http://hettie.net,65,2023-05-13 15:14:58
184,alias dolore sed,41,7,2023-05-13 15:14:58,http://rico.biz,65,2023-05-13 15:14:58
185,asperiores ipsum ipsam,42,7,2023-05-13 15:14:58,http://jody.biz,65,2023-05-13 15:14:58
186,quos ut deserunt,54,7,2023-05-13 15:14:58,http://sheila.com,67,2023-05-13 15:14:58
187,assumenda dolorem similique,56,7,2023-05-13 15:14:58,http://germaine.name,67,2023-05-13 15:14:58
188,rem voluptas laboriosam,57,7,2023-05-13 15:14:58,https://mariane.org,67,2023-05-13 15:14:58
189,similique quisquam similique,63,7,2023-05-13 15:14:58,http://reva.com,69,2023-05-13 15:14:58
190,dolorem tempore iusto,66,7,2023-05-13 15:14:58,https://llewellyn.info,70,2023-05-13 15:14:58
191,natus minima veritatis,70,7,2023-05-13 15:14:58,http://ellen.info,72,2023-05-13 15:14:58
192,repellat ut est,71,7,2023-05-13 15:14:58,https://anahi.info,72,2023-05-13 15:14:58
193,excepturi consequatur qui,75,7,2023-05-13 15:14:58,https://javonte.org,72,2023-05-13 15:14:58
194,sapiente adipisci aliquam,76,7,2023-05-13 15:14:58,http://florine.org,72,2023-05-13 15:14:58
195,et quidem iusto,87,7,2023-05-13 15:14:58,http://marcellus.info,72,2023-05-13 15:14:58
196,recusandae quos laudantium,91,7,2023-05-13 15:14:58,http://stan.biz,73,2023-05-13 15:14:58
197,fugiat ipsa molestiae,92,7,2023-05-13 15:14:58,http://jarred.net,77,2023-05-13 15:14:58
198,doloribus porro neque,97,7,2023-05-13 15:14:58,http://jovanny.net,77,2023-05-13 15:14:58
199,debitis id ullam,2,8,2023-05-13 15:14:58,http://linnie.com,77,2023-05-13 15:14:58
200,ad exercitationem qui,5,8,2023-05-13 15:14:58,http://dino.name,77,2023-05-13 15:14:58
201,tenetur ab quia,8,8,2023-05-13 15:14:58,https://jane.net,77,2023-05-13 15:14:58
202,dolores dolor voluptates,14,8,2023-05-13 15:14:58,http://laney.name,77,2023-05-13 15:14:58
203,ad soluta eveniet,17,8,2023-05-13 15:14:58,http://trever.org,78,2023-05-13 15:14:58
204,eum dicta temporibus,19,8,2023-05-13 15:14:58,http://emilie.net,78,2023-05-13 15:14:58
205,iusto quibusdam quo,21,8,2023-05-13 15:14:58,http://ted.info,78,2023-05-13 15:14:58
206,laboriosam illum nobis,24,8,2023-05-13 15:14:58,http://keshawn.org,78,2023-05-13 15:14:58
207,ad consequatur id,27,8,2023-05-13 15:14:58,http://ole.info,78,2023-05-13 15:14:58
208,dolorem non explicabo,30,8,2023-05-13 15:14:58,https://ford.biz,79,2023-05-13 15:14:58
209,magni nobis voluptas,32,8,2023-05-13 15:14:58,https://humberto.org,82,2023-05-13 15:14:58
210,occaecati quia recusandae,33,8,2023-05-13 15:14:58,http://penelope.info,82,2023-05-13 15:14:58
211,eaque dolore quaerat,36,8,2023-05-13 15:14:58,https://dimitri.info,84,2023-05-13 15:14:58
212,eum voluptatem non,37,8,2023-05-13 15:14:58,http://cynthia.info,84,2023-05-13 15:14:58
213,sequi veritatis sint,39,8,2023-05-13 15:14:58,http://princess.org,85,2023-05-13 15:14:58
214,fugiat ipsam rerum,41,8,2023-05-13 15:14:58,https://ruthie.info,85,2023-05-13 15:14:58
215,iure est error,43,8,2023-05-13 15:14:58,https://evan.name,86,2023-05-13 15:14:58
216,dolores ab cum,44,8,2023-05-13 15:14:58,http://deontae.org,86,2023-05-13 15:14:58
217,rem occaecati autem,46,8,2023-05-13 15:14:58,https://timmy.info,86,2023-05-13 15:14:58
218,magni ea temporibus,52,8,2023-05-13 15:14:58,http://susie.info,86,2023-05-13 15:14:58
219,voluptas neque possimus,54,8,2023-05-13 15:14:58,http://hollis.com,86,2023-05-13 15:14:58
220,ut quia ipsam,56,8,2023-05-13 15:14:58,https://colt.org,86,2023-05-13 15:14:58
221,non dolor reiciendis,57,8,2023-05-13 15:14:58,http://lucio.org,86,2023-05-13 15:14:58
222,ex nesciunt ex,63,8,2023-05-13 15:14:58,http://germaine.org,86,2023-05-13 15:14:58
223,animi earum explicabo,66,8,2023-05-13 15:14:58,http://howard.net,86,2023-05-13 15:14:58
224,est numquam repellendus,71,8,2023-05-13 15:14:58,http://helena.name,87,2023-05-13 15:14:58
225,ullam ut porro,72,8,2023-05-13 15:14:58,https://celestino.name,87,2023-05-13 15:14:58
226,ea fuga occaecati,73,8,2023-05-13 15:14:58,http://violet.info,87,2023-05-13 15:14:58
227,laboriosam ratione excepturi,75,8,2023-05-13 15:14:58,http://nigel.biz,87,2023-05-13 15:14:58
228,voluptatem in ut,76,8,2023-05-13 15:14:58,https://noble.net,88,2023-05-13 15:14:58
229,sequi nobis placeat,82,8,2023-05-13 15:14:58,https://emilia.org,88,2023-05-13 15:14:58
230,voluptate labore sunt,84,8,2023-05-13 15:14:58,http://destini.net,88,2023-05-13 15:14:58
231,quos modi est,85,8,2023-05-13 15:14:58,https://mariano.net,88,2023-05-13 15:14:58
232,veritatis odit sit,91,8,2023-05-13 15:14:58,https://brittany.org,88,2023-05-13 15:14:58
233,nostrum omnis maxime,93,8,2023-05-13 15:14:58,https://madaline.name,88,2023-05-13 15:14:58
234,est modi exercitationem,94,8,2023-05-13 15:14:58,https://devonte.name,88,2023-05-13 15:14:58
235,ullam totam quia,96,8,2023-05-13 15:14:58,https://blanche.net,88,2023-05-13 15:14:58
236,impedit enim quis,100,8,2023-05-13 15:14:58,http://cali.net,88,2023-05-13 15:14:58
237,earum et dolorem,2,9,2023-05-13 15:14:58,http://mekhi.name,88,2023-05-13 15:14:58
238,et qui dolorem,3,9,2023-05-13 15:14:58,http://adela.com,88,2023-05-13 15:14:58
239,iure eveniet laboriosam,5,9,2023-05-13 15:14:58,https://devan.com,92,2023-05-13 15:14:58
240,vel dicta voluptate,14,9,2023-05-13 15:14:58,https://jarrett.name,92,2023-05-13 15:14:58
241,ut illum optio,19,9,2023-05-13 15:14:58,https://sid.biz,92,2023-05-13 15:14:58
242,rerum doloribus voluptas,21,9,2023-05-13 15:14:58,https://jadyn.name,93,2023-05-13 15:14:58
243,quia nobis rerum,24,9,2023-05-13 15:14:58,https://erik.com,93,2023-05-13 15:14:58
244,tempore nihil qui,26,9,2023-05-13 15:14:58,http://freeda.biz,94,2023-05-13 15:14:58
245,neque ipsam nemo,36,9,2023-05-13 15:14:58,http://ayden.name,95,2023-05-13 15:14:58
246,a deserunt suscipit,40,9,2023-05-13 15:14:58,https://kathleen.biz,95,2023-05-13 15:14:58
247,accusantium aliquid perspiciatis,41,9,2023-05-13 15:14:58,https://helmer.org,96,2023-05-13 15:14:58
248,odio aut non,50,9,2023-05-13 15:14:58,https://maggie.info,96,2023-05-13 15:14:58
249,blanditiis qui reiciendis,54,9,2023-05-13 15:14:58,https://cecilia.net,96,2023-05-13 15:14:58
250,voluptatibus sit iure,57,9,2023-05-13 15:14:58,http://ayla.org,97,2023-05-13 15:14:58
251,minus quos eum,61,9,2023-05-13 15:14:58,https://elyssa.biz,97,2023-05-13 15:14:58
252,ipsam dolor amet,65,9,2023-05-13 15:14:58,http://jennie.com,98,2023-05-13 15:14:58
253,ullam voluptas dolorem,66,9,2023-05-13 15:14:58,http://ryleigh.info,99,2023-05-13 15:14:58
254,esse esse porro,69,9,2023-05-13 15:14:58,https://darien.name,99,2023-05-13 15:14:58
255,et velit et,71,9,2023-05-13 15:14:58,https://xzavier.org,99,2023-05-13 15:14:58
256,voluptatem ut quasi,75,9,2023-05-13 15:14:58,https://kaela.name,100,2023-05-13 15:14:58
257,et facere soluta,76,9,2023-05-13 15:14:58,http://dedrick.info,100,2023-05-13 15:14:58
