url,user_posted,description,hashtags,num_comments,date_posted,likes,photos,videos,location,latest_comments,post_id,discovery_input,has_handshake,display_url,shortcode,content_type,pk,content_id,engagement_score_view,thumbnail,video_view_count,product_type,coauthor_producers,tagged_users,video_play_count,followers,posts_count,profile_image_link,is_verified,is_paid_partnership,partnership_details,user_posted_id,post_content,audio,profile_url
https://example.com/post/4uU1K,e8HCBLqR,Post description 0,#tag70,241,2022-03-01 00:00:00,6366,1,0,Location 28,Comment 177,1,rqFTMNEzBDZE8HQ,False,https://example.com/image/eyyII.jpg,89b22qJy,video,7570142,3318393,8.99,https://example.com/thumbnail/6A15P.jpg,4531,organic,User 2,User15,3088,34457,154,https://example.com/profile/huBjJ.jpg,True,False,Partnership with Brand 22,54,Content of post 0,Audio clip 55,https://example.com/user/odMvm
https://example.com/post/dQDM8,SzTDGMXH,Post description 1,#tag90,263,2021-05-12 00:00:00,1920,5,2,Location 15,Comment 48,2,tjiAcG5qnySqpSR,True,https://example.com/image/zCVt9.jpg,X5QgPzlw,carousel,8709317,2932797,0.4,https://example.com/thumbnail/ZbbzF.jpg,1283,sponsored,User 17,User15,1617,9026,227,https://example.com/profile/Yz0jT.jpg,False,False,Partnership with Brand 1,22,Content of post 1,Audio clip 76,https://example.com/user/BT9vF
https://example.com/post/V9iE1,nFJUQ44Q,Post description 2,#tag99,100,2020-10-12 00:00:00,6926,5,0,Location 46,Comment 166,3,SLKFyLb5VvMW83l,True,https://example.com/image/R8WcA.jpg,WNuKUSsT,carousel,6938554,8371836,4.89,https://example.com/thumbnail/ZfR5v.jpg,4713,sponsored,User 6,User18,4638,9309,224,https://example.com/profile/wlOCY.jpg,True,False,Partnership with Brand 8,71,Content of post 2,Audio clip 65,https://example.com/user/bgWSk
https://example.com/post/U3FCw,apdlDWPl,Post description 3,#tag11,371,2020-10-13 00:00:00,7537,3,0,Location 41,Comment 4,4,3zex5WazBbdZnYs,False,https://example.com/image/EmhQp.jpg,Voy6Fep7,carousel,5557894,9763438,0.61,https://example.com/thumbnail/5TcJg.jpg,786,organic,User 35,User19,4176,43834,484,https://example.com/profile/jgmGY.jpg,True,False,Partnership with Brand 44,28,Content of post 3,Audio clip 64,https://example.com/user/yLjPx
https://example.com/post/y4P38,8CQ8vPHv,Post description 4,#tag57,149,2020-01-18 00:00:00,6533,1,0,Location 40,Comment 21,5,im3ijuXkdet0y5W,True,https://example.com/image/D1hAf.jpg,DBz1XPV4,video,8982522,8224590,6.81,https://example.com/thumbnail/Dijwn.jpg,780,sponsored,User 33,User18,4258,50549,470,https://example.com/profile/bfm04.jpg,True,False,Partnership with Brand 41,54,Content of post 4,Audio clip 59,https://example.com/user/3mKVv
https://example.com/post/2d8Sm,axAxwMoD,Post description 5,#tag2,65,2021-09-09 00:00:00,7453,2,1,Location 33,Comment 95,6,AVIKJWjFM11DBFt,False,https://example.com/image/GUIfR.jpg,bASArO65,carousel,7428618,6307741,9.71,https://example.com/thumbnail/GC99B.jpg,4732,sponsored,User 20,User16,1613,11636,144,https://example.com/profile/HzYiM.jpg,False,False,Partnership with Brand 17,6,Content of post 5,Audio clip 66,https://example.com/user/t5neq
https://example.com/post/jqki5,PNcUBfEI,Post description 6,#tag81,286,2020-11-18 00:00:00,4098,5,1,Location 20,Comment 189,7,FWq8YsDaumpZbrD,True,https://example.com/image/XtVXA.jpg,weiPxeAA,carousel,2871674,9813581,8.15,https://example.com/thumbnail/9M08v.jpg,1111,sponsored,User 20,User4,582,63163,316,https://example.com/profile/f22dV.jpg,False,True,Partnership with Brand 50,70,Content of post 6,Audio clip 89,https://example.com/user/UAUlR
https://example.com/post/8Z80A,cFs7nSoC,Post description 7,#tag50,270,2022-05-30 00:00:00,3367,5,1,Location 1,Comment 6,8,Klxnmi3XOXXjfzc,False,https://example.com/image/8k6Tw.jpg,Ge0MYcFr,video,9794545,1390706,3.2,https://example.com/thumbnail/ZkWET.jpg,1967,organic,User 17,User14,106,46171,26,https://example.com/profile/AsuEw.jpg,True,True,Partnership with Brand 11,82,Content of post 7,Audio clip 98,https://example.com/user/pMzrT
https://example.com/post/8QE55,1UcMWTW8,Post description 8,#tag32,305,2022-07-10 00:00:00,5298,5,0,Location 20,Comment 73,9,2SKudn7dYzxg0Vi,False,https://example.com/image/XIOFN.jpg,tanTDRx9,video,1271245,2418326,3.51,https://example.com/thumbnail/JfEdw.jpg,2222,sponsored,User 28,User18,414,11558,416,https://example.com/profile/wPnhs.jpg,False,True,Partnership with Brand 30,37,Content of post 8,Audio clip 91,https://example.com/user/29Ow1
https://example.com/post/7FINU,LQjjmool,Post description 9,#tag45,415,2022-01-23 00:00:00,3141,2,2,Location 22,Comment 160,10,QTGQJ0lfNqY4stg,True,https://example.com/image/tcMa7.jpg,bptE74hF,image,3534506,1292316,1.58,https://example.com/thumbnail/GHeb4.jpg,3213,organic,User 26,User14,419,55280,307,https://example.com/profile/2ZyOz.jpg,True,True,Partnership with Brand 41,69,Content of post 9,Audio clip 10,https://example.com/user/zzmhi
https://example.com/post/6u87f,R09D7GUo,Post description 10,#tag89,324,2021-06-16 00:00:00,6903,3,2,Location 46,Comment 81,11,b0NFWLoiP6n5m3p,False,https://example.com/image/ZQMSl.jpg,Vm9VfgSh,image,8462216,8513556,3.63,https://example.com/thumbnail/CUu30.jpg,2715,sponsored,User 39,User4,555,2379,119,https://example.com/profile/U07oG.jpg,False,False,Partnership with Brand 12,21,Content of post 10,Audio clip 81,https://example.com/user/6r3uF
https://example.com/post/E1bsS,CxNIgLph,Post description 11,#tag14,22,2020-07-07 00:00:00,8731,0,0,Location 8,Comment 90,12,zMNBHtUfHwlyFAq,True,https://example.com/image/6D7Sl.jpg,qyZWxlOs,image,5899719,8616516,5.18,https://example.com/thumbnail/ollxp.jpg,4322,organic,User 5,User4,2153,31606,20,https://example.com/profile/uhpcF.jpg,True,False,Partnership with Brand 31,14,Content of post 11,Audio clip 2,https://example.com/user/yLDhf
https://example.com/post/k5gaZ,fT3a4Zxp,Post description 12,#tag20,58,2021-02-02 00:00:00,3708,0,1,Location 36,Comment 80,13,zR5PBA3p0nCKn2J,False,https://example.com/image/rBeBt.jpg,TL7DWiYV,video,4255235,6179734,6.33,https://example.com/thumbnail/I7Ajk.jpg,2840,organic,User 31,User3,3864,60343,89,https://example.com/profile/XlEOA.jpg,False,False,Partnership with Brand 13,61,Content of post 12,Audio clip 62,https://example.com/user/qyLVx
https://example.com/post/FPD5f,UKV9Wmqo,Post description 13,#tag69,162,2022-02-07 00:00:00,1820,1,2,Location 40,Comment 86,14,ecVhhzyz9BHmVUz,False,https://example.com/image/28Upq.jpg,q9GH6L2D,image,3347579,2451449,2.46,https://example.com/thumbnail/NJegX.jpg,4315,sponsored,User 13,User7,346,85335,81,https://example.com/profile/uemWe.jpg,False,False,Partnership with Brand 36,54,Content of post 13,Audio clip 57,https://example.com/user/sqvWe
https://example.com/post/EGGdR,TXmtiCPz,Post description 14,#tag35,213,2021-08-14 00:00:00,83,0,1,Location 48,Comment 161,15,R75y8q6raf7eBjL,True,https://example.com/image/vUwKJ.jpg,0ixYFIdo,image,5071303,8479378,0.21,https://example.com/thumbnail/Umgpx.jpg,246,sponsored,User 34,User1,98,75448,477,https://example.com/profile/npukj.jpg,False,False,Partnership with Brand 27,69,Content of post 14,Audio clip 87,https://example.com/user/tJama
https://example.com/post/6eR07,B0g3Seas,Post description 15,#tag83,334,2022-07-26 00:00:00,4670,4,1,Location 15,Comment 159,16,qvhv0HBICsqsMcW,False,https://example.com/image/SGgGh.jpg,bRAPaqlb,carousel,9237893,1886678,6.03,https://example.com/thumbnail/pGoCu.jpg,357,organic,User 21,User17,4633,32808,405,https://example.com/profile/bscBw.jpg,False,True,Partnership with Brand 29,86,Content of post 15,Audio clip 100,https://example.com/user/qBwDU
https://example.com/post/g8Q1v,Wkd8uS8E,Post description 16,#tag67,327,2021-07-08 00:00:00,1172,5,0,Location 32,Comment 118,17,c5sn5tn6Qr1aKGz,True,https://example.com/image/eKGhR.jpg,uKStydPL,video,5602272,2961453,3.36,https://example.com/thumbnail/BoLXZ.jpg,3951,organic,User 42,User7,2509,27723,139,https://example.com/profile/WeJPj.jpg,False,True,Partnership with Brand 28,8,Content of post 16,Audio clip 99,https://example.com/user/Fa9FT
https://example.com/post/2KW27,8wR8MXqk,Post description 17,#tag69,15,2020-03-27 00:00:00,3176,3,0,Location 11,Comment 178,18,qs0XXcHFQnJ33Xk,True,https://example.com/image/mz2Ci.jpg,4vcYx6Gd,image,5487707,4764734,7.64,https://example.com/thumbnail/Wueem.jpg,4872,sponsored,User 12,User1,4667,15173,164,https://example.com/profile/DF4QU.jpg,True,True,Partnership with Brand 1,22,Content of post 17,Audio clip 58,https://example.com/user/3xJ2j
https://example.com/post/zxBgC,LpUIHZPf,Post description 18,#tag5,147,2021-12-26 00:00:00,1906,1,2,Location 35,Comment 135,19,ycdpxRvwLMx353u,False,https://example.com/image/DqyNT.jpg,gnypdVH0,image,4383435,9775269,8.26,https://example.com/thumbnail/9fcQk.jpg,1459,organic,User 35,User1,2979,20792,421,https://example.com/profile/Vlu4a.jpg,False,False,Partnership with Brand 23,85,Content of post 18,Audio clip 47,https://example.com/user/0mPu1
https://example.com/post/vvnVz,uLFf358X,Post description 19,#tag38,51,2020-10-20 00:00:00,9327,1,0,Location 10,Comment 41,20,FKVHM4Rkn39CRp9,True,https://example.com/image/N407a.jpg,WENfNtrd,image,6613482,1789087,8.12,https://example.com/thumbnail/oTTju.jpg,1620,organic,User 11,User12,2724,9531,328,https://example.com/profile/t6Xri.jpg,False,True,Partnership with Brand 17,55,Content of post 19,Audio clip 97,https://example.com/user/pjCjW
https://example.com/post/Q0Ac2,zmWGODd7,Post description 20,#tag5,309,2022-03-28 00:00:00,5225,1,0,Location 36,Comment 55,21,ClH6M5J0XcumsyD,True,https://example.com/image/mWhdQ.jpg,CsOULdOt,video,8969266,4779990,2.57,https://example.com/thumbnail/jseQw.jpg,3320,sponsored,User 26,User17,4840,21174,169,https://example.com/profile/YWiKw.jpg,True,True,Partnership with Brand 21,76,Content of post 20,Audio clip 35,https://example.com/user/6c9PQ
https://example.com/post/eIZNw,qgpAss1x,Post description 21,#tag26,159,2021-08-19 00:00:00,4814,4,2,Location 46,Comment 92,22,augD2qMF1YAyWtw,False,https://example.com/image/oAhaW.jpg,x8waVDFC,carousel,4828761,7368919,4.9,https://example.com/thumbnail/GzGyx.jpg,3218,sponsored,User 34,User4,3959,2524,332,https://example.com/profile/8V7YD.jpg,False,False,Partnership with Brand 42,63,Content of post 21,Audio clip 44,https://example.com/user/HdxJR
https://example.com/post/Rt2Q1,tXNfCcw0,Post description 22,#tag20,289,2020-05-16 00:00:00,7049,0,2,Location 43,Comment 142,23,UvvwXBQXpTx3Wr8,False,https://example.com/image/0DHGo.jpg,PC0HEpOR,video,5316958,7268320,4.06,https://example.com/thumbnail/ZEPrB.jpg,3493,sponsored,User 16,User4,1176,80266,111,https://example.com/profile/dBO6A.jpg,False,True,Partnership with Brand 28,80,Content of post 22,Audio clip 94,https://example.com/user/V5epl
https://example.com/post/zb31E,GvXiv2Wq,Post description 23,#tag40,338,2020-12-30 00:00:00,2777,0,1,Location 8,Comment 147,24,8TftXpWWRPqAJ7N,True,https://example.com/image/lMj7g.jpg,wa7oFiSJ,carousel,8002011,2823117,4.44,https://example.com/thumbnail/5K3WP.jpg,2742,organic,User 47,User18,3822,26758,25,https://example.com/profile/UOqwF.jpg,True,False,Partnership with Brand 14,38,Content of post 23,Audio clip 42,https://example.com/user/DJOCm
https://example.com/post/YhGxs,BHkLj1on,Post description 24,#tag78,307,2021-11-28 00:00:00,1884,1,2,Location 1,Comment 188,25,xIsHC8TMFygIzCK,True,https://example.com/image/QfRA5.jpg,D0X2VDk7,carousel,7890755,9836086,0.68,https://example.com/thumbnail/f62Lo.jpg,2418,sponsored,User 29,User13,1298,84317,285,https://example.com/profile/4qCUu.jpg,True,False,Partnership with Brand 9,64,Content of post 24,Audio clip 91,https://example.com/user/athmd
https://example.com/post/PkPO7,AOQ6VWtD,Post description 25,#tag71,271,2021-01-23 00:00:00,7286,4,1,Location 28,Comment 138,26,sLOb2h27ZzMfANh,True,https://example.com/image/T8Bfg.jpg,n4GWF01q,video,7571585,8287411,8.25,https://example.com/thumbnail/PyMzF.jpg,1509,sponsored,User 46,User15,3820,34202,219,https://example.com/profile/rpWkM.jpg,False,True,Partnership with Brand 42,94,Content of post 25,Audio clip 31,https://example.com/user/EnrFt
https://example.com/post/sfjwc,fqndEtvD,Post description 26,#tag47,42,2021-04-13 00:00:00,8207,3,2,Location 31,Comment 95,27,AXLMVMnFdzQb0FY,True,https://example.com/image/IowRQ.jpg,fqWkZXQk,carousel,5340787,3008284,6.25,https://example.com/thumbnail/KC5lN.jpg,2141,sponsored,User 38,User18,2678,49130,249,https://example.com/profile/A9nby.jpg,True,False,Partnership with Brand 25,20,Content of post 26,Audio clip 31,https://example.com/user/zyDY4
https://example.com/post/BZyY0,CcJshRuA,Post description 27,#tag26,63,2021-04-24 00:00:00,7416,3,2,Location 16,Comment 30,28,EgnYp7RGM2bXfFo,True,https://example.com/image/7lKhY.jpg,IX9QpGzQ,carousel,2855827,3907060,8.0,https://example.com/thumbnail/jqdJs.jpg,674,sponsored,User 3,User15,1236,31747,352,https://example.com/profile/iog25.jpg,True,True,Partnership with Brand 34,40,Content of post 27,Audio clip 40,https://example.com/user/ve7hC
https://example.com/post/l1dbO,SWRiLEnN,Post description 28,#tag29,144,2021-04-06 00:00:00,953,0,2,Location 35,Comment 31,29,jHTfRoADy1tT9BM,False,https://example.com/image/UELLP.jpg,UgEFsckh,carousel,4497419,7591324,2.75,https://example.com/thumbnail/SsdHu.jpg,2168,organic,User 1,User8,2655,97432,232,https://example.com/profile/ThitT.jpg,False,True,Partnership with Brand 49,41,Content of post 28,Audio clip 52,https://example.com/user/rh9oG
https://example.com/post/zbt93,iNtf9lVu,Post description 29,#tag96,106,2020-07-31 00:00:00,3546,5,2,Location 31,Comment 118,30,DPqhbgbE9HzKT2N,False,https://example.com/image/PhZAs.jpg,C6Qp0EGq,image,4883237,7212372,5.71,https://example.com/thumbnail/bUIx6.jpg,522,organic,User 50,User9,2757,21306,365,https://example.com/profile/7egyZ.jpg,False,False,Partnership with Brand 11,67,Content of post 29,Audio clip 58,https://example.com/user/fagPC
https://example.com/post/oKPCF,KiWIOOmO,Post description 30,#tag16,115,2021-02-06 00:00:00,23,1,2,Location 5,Comment 39,31,BszgjhQuRTkqQGb,True,https://example.com/image/dZNzA.jpg,COEZnlxz,image,2012507,2588325,8.46,https://example.com/thumbnail/XHrq2.jpg,2905,sponsored,User 31,User8,599,3674,217,https://example.com/profile/Vbnj6.jpg,True,True,Partnership with Brand 23,64,Content of post 30,Audio clip 22,https://example.com/user/RdIqx
https://example.com/post/1SG9k,wrnUQpXW,Post description 31,#tag21,100,2020-01-25 00:00:00,5697,2,0,Location 2,Comment 67,32,CYBkop2peDQxHK7,False,https://example.com/image/9u7td.jpg,Ot93GDkq,video,7715280,4748032,3.25,https://example.com/thumbnail/xJ676.jpg,3302,organic,User 42,User5,760,99319,224,https://example.com/profile/EsQiz.jpg,True,True,Partnership with Brand 26,63,Content of post 31,Audio clip 76,https://example.com/user/LAFoG
https://example.com/post/5O33B,ao5gwZny,Post description 32,#tag62,175,2020-06-13 00:00:00,8964,2,1,Location 45,Comment 76,33,RezLZ8WmhjW7flL,False,https://example.com/image/T0zXi.jpg,y95N87TW,image,3845221,7116717,4.17,https://example.com/thumbnail/spe3M.jpg,1819,sponsored,User 41,User19,4194,76963,158,https://example.com/profile/nxwSq.jpg,False,True,Partnership with Brand 49,21,Content of post 32,Audio clip 79,https://example.com/user/x6Scq
https://example.com/post/0bt5P,cqtCGExj,Post description 33,#tag27,367,2021-01-16 00:00:00,1231,2,2,Location 2,Comment 81,34,lW7PtuDpBvZ0Yty,True,https://example.com/image/4Vpiw.jpg,Ty9ksaAj,carousel,1248195,4668989,0.82,https://example.com/thumbnail/MbQLQ.jpg,2959,organic,User 46,User20,1186,19889,358,https://example.com/profile/rk4VB.jpg,True,False,Partnership with Brand 50,5,Content of post 33,Audio clip 47,https://example.com/user/2uP66
https://example.com/post/b7qjR,1nPIHkUN,Post description 34,#tag42,197,2022-08-15 00:00:00,3223,4,1,Location 43,Comment 140,35,7eZ9cYCAbQ1ZRfG,True,https://example.com/image/RC3rR.jpg,qtQYzPHW,image,3958456,8871762,6.67,https://example.com/thumbnail/SKsel.jpg,3423,sponsored,User 46,User15,641,14616,261,https://example.com/profile/yeNuW.jpg,True,False,Partnership with Brand 42,7,Content of post 34,Audio clip 96,https://example.com/user/2ueZA
https://example.com/post/2KrC9,v83V8jz4,Post description 35,#tag18,353,2020-07-13 00:00:00,576,1,2,Location 38,Comment 20,36,CTBoU6Mu3BHb3n2,False,https://example.com/image/3I9Uk.jpg,4icVs3QO,video,4367421,6410044,5.83,https://example.com/thumbnail/W3sIo.jpg,1764,sponsored,User 27,User14,2751,26873,358,https://example.com/profile/pJtQu.jpg,False,False,Partnership with Brand 9,57,Content of post 35,Audio clip 84,https://example.com/user/y5znc
https://example.com/post/OCCbi,2oF7uZdb,Post description 36,#tag18,450,2021-08-06 00:00:00,7128,4,1,Location 13,Comment 159,37,n6JIOr6tfOFJX8i,False,https://example.com/image/lwtgW.jpg,mghnqQVB,video,3398308,1648000,6.25,https://example.com/thumbnail/SmitP.jpg,2605,sponsored,User 39,User18,3504,60797,424,https://example.com/profile/dKWvy.jpg,True,False,Partnership with Brand 2,51,Content of post 36,Audio clip 32,https://example.com/user/1yV8P
https://example.com/post/cYL8f,HPCJApj9,Post description 37,#tag9,110,2020-09-16 00:00:00,1770,0,1,Location 41,Comment 109,38,Aj2PA3qYHW90GvY,True,https://example.com/image/PtOj8.jpg,j3MwcCMx,carousel,4589509,5957290,4.46,https://example.com/thumbnail/6OBJ8.jpg,4655,organic,User 3,User18,3375,5188,40,https://example.com/profile/4FqLL.jpg,True,False,Partnership with Brand 39,88,Content of post 37,Audio clip 24,https://example.com/user/YgpmG
https://example.com/post/jmygA,2XtIGzVV,Post description 38,#tag46,137,2021-05-08 00:00:00,2547,0,0,Location 46,Comment 96,39,mos8fEmGCbqaXne,True,https://example.com/image/97UIn.jpg,1zvw5znt,carousel,4185779,1846390,9.43,https://example.com/thumbnail/FEjd2.jpg,4218,organic,User 14,User16,3990,31726,415,https://example.com/profile/EZy2r.jpg,True,True,Partnership with Brand 21,26,Content of post 38,Audio clip 48,https://example.com/user/l3xVk
https://example.com/post/sg3Lm,EZ1jpH7l,Post description 39,#tag98,79,2021-09-27 00:00:00,6583,2,1,Location 28,Comment 53,40,FRuySMpDogPMde1,False,https://example.com/image/0Apio.jpg,IFR1DyrI,carousel,3910328,8997101,0.84,https://example.com/thumbnail/ag6GY.jpg,3892,sponsored,User 49,User9,270,39692,38,https://example.com/profile/KR4A2.jpg,True,False,Partnership with Brand 27,6,Content of post 39,Audio clip 56,https://example.com/user/zb9OC
https://example.com/post/fc2qH,7hChQDOI,Post description 40,#tag30,221,2022-04-16 00:00:00,9384,0,1,Location 34,Comment 6,41,lE9FTP6zPyhbj6x,True,https://example.com/image/HK23u.jpg,kH5CLi3l,image,1848023,7400435,4.0,https://example.com/thumbnail/kJ6Wl.jpg,4926,sponsored,User 15,User5,3958,30196,427,https://example.com/profile/1Iy3u.jpg,False,False,Partnership with Brand 1,38,Content of post 40,Audio clip 38,https://example.com/user/5nKGr
https://example.com/post/jfX0w,e1acLUOA,Post description 41,#tag97,163,2021-12-20 00:00:00,3955,3,2,Location 30,Comment 75,42,HspHD2CXQ7jhyTY,True,https://example.com/image/IRHGN.jpg,iRphqqaJ,image,7349309,6296254,7.93,https://example.com/thumbnail/K1OnX.jpg,2221,organic,User 41,User8,4977,80819,243,https://example.com/profile/v226z.jpg,False,True,Partnership with Brand 42,81,Content of post 41,Audio clip 96,https://example.com/user/KQyxv
https://example.com/post/rJqpw,k3ZK89ol,Post description 42,#tag77,49,2020-11-14 00:00:00,5363,2,1,Location 1,Comment 131,43,nJ5sUJmA0GH1cvf,False,https://example.com/image/RkvEq.jpg,52t0Ora8,video,3500009,8216868,3.76,https://example.com/thumbnail/Ad6Re.jpg,1369,organic,User 25,User1,1041,98302,407,https://example.com/profile/EwXrE.jpg,True,False,Partnership with Brand 13,54,Content of post 42,Audio clip 33,https://example.com/user/gvuNP
https://example.com/post/UnioR,xuPxNOql,Post description 43,#tag87,230,2021-06-10 00:00:00,622,0,2,Location 14,Comment 92,44,KNW6xrWT7Q5Bctp,False,https://example.com/image/zYkYE.jpg,1B8IjFdu,image,7121968,7667161,2.06,https://example.com/thumbnail/AEh4m.jpg,2586,sponsored,User 17,User16,2085,83352,49,https://example.com/profile/Xp0Q4.jpg,True,True,Partnership with Brand 40,69,Content of post 43,Audio clip 62,https://example.com/user/nCAlB
https://example.com/post/yKm6o,Cjndkqx0,Post description 44,#tag82,9,2021-07-05 00:00:00,168,5,1,Location 9,Comment 47,45,y8FKehWxbNYP71X,True,https://example.com/image/0TDzC.jpg,ITEEvJtr,video,6286880,5274792,3.53,https://example.com/thumbnail/cfS4L.jpg,2688,sponsored,User 30,User17,3102,50824,444,https://example.com/profile/cD9xI.jpg,False,False,Partnership with Brand 30,32,Content of post 44,Audio clip 64,https://example.com/user/T1o1W
https://example.com/post/7lXRg,hP1i7kBS,Post description 45,#tag32,89,2022-06-14 00:00:00,3364,1,2,Location 38,Comment 197,46,R8eGVPqiMNOrRax,False,https://example.com/image/UX4b2.jpg,oyySKeGF,video,5474821,4109685,0.6,https://example.com/thumbnail/UvKlK.jpg,2167,organic,User 34,User10,4756,32132,393,https://example.com/profile/H0eMs.jpg,True,False,Partnership with Brand 18,76,Content of post 45,Audio clip 1,https://example.com/user/EtdTw
https://example.com/post/QfkEM,2MXMUPa5,Post description 46,#tag15,279,2021-02-14 00:00:00,1583,3,2,Location 25,Comment 113,47,nXfVo3kqsxQeU7t,False,https://example.com/image/jgV72.jpg,hvcBZJkD,video,4244147,9545385,6.66,https://example.com/thumbnail/Pkxyu.jpg,3942,organic,User 45,User15,1776,83664,268,https://example.com/profile/TCMiR.jpg,True,True,Partnership with Brand 41,28,Content of post 46,Audio clip 92,https://example.com/user/nK5XG
https://example.com/post/WzExy,6qkllLL5,Post description 47,#tag58,330,2022-06-26 00:00:00,4038,0,1,Location 22,Comment 44,48,VkmgvsdIM0wQWL7,False,https://example.com/image/COSek.jpg,eW6cFRdo,video,1506759,4472168,2.86,https://example.com/thumbnail/zUekb.jpg,2016,organic,User 21,User11,3808,86248,112,https://example.com/profile/BFwmg.jpg,True,False,Partnership with Brand 3,70,Content of post 47,Audio clip 5,https://example.com/user/w4K30
https://example.com/post/5kVU3,Ji4wGFWD,Post description 48,#tag89,310,2021-11-02 00:00:00,555,4,0,Location 41,Comment 71,49,1bVwdTyAChp414m,False,https://example.com/image/cWOpb.jpg,8EctpsAZ,carousel,3879550,8285255,7.98,https://example.com/thumbnail/ZyihU.jpg,4880,sponsored,User 42,User8,1058,46201,339,https://example.com/profile/empwS.jpg,True,False,Partnership with Brand 14,40,Content of post 48,Audio clip 28,https://example.com/user/DnjqL
https://example.com/post/3dLn6,r9z7ees1,Post description 49,#tag16,438,2021-10-17 00:00:00,4756,1,2,Location 24,Comment 159,50,asORDYGXyKYj66W,True,https://example.com/image/j4QJa.jpg,GrWheJ9O,video,9229859,4114401,0.76,https://example.com/thumbnail/mdFjL.jpg,2629,sponsored,User 14,User14,3835,76933,143,https://example.com/profile/S532e.jpg,True,False,Partnership with Brand 1,94,Content of post 49,Audio clip 95,https://example.com/user/eRSRT
https://example.com/post/UdbBa,OqtTeoVM,Post description 50,#tag96,347,2021-06-17 00:00:00,311,4,1,Location 7,Comment 44,51,x2T1sfDg9m5sEoz,True,https://example.com/image/M4aWF.jpg,iNGr3bqh,image,9414734,1076697,5.91,https://example.com/thumbnail/Zp6Bv.jpg,3660,sponsored,User 25,User14,1924,75097,7,https://example.com/profile/9Ww3K.jpg,False,False,Partnership with Brand 47,1,Content of post 50,Audio clip 52,https://example.com/user/MGJ2I
https://example.com/post/JUzpi,XtxuQ5gF,Post description 51,#tag33,238,2021-08-09 00:00:00,5573,0,2,Location 33,Comment 175,52,ejl8SmzdrYNi23c,True,https://example.com/image/1RAYj.jpg,qFUcDK8d,video,9669748,2920113,3.64,https://example.com/thumbnail/ovu6n.jpg,489,sponsored,User 35,User10,1221,95554,476,https://example.com/profile/Kvttf.jpg,True,True,Partnership with Brand 15,48,Content of post 51,Audio clip 28,https://example.com/user/Jf4zJ
https://example.com/post/e96N1,t3Puc03T,Post description 52,#tag60,315,2021-06-07 00:00:00,4809,2,1,Location 32,Comment 67,53,GHGgIKn6jwFf5E5,True,https://example.com/image/S91i3.jpg,XxFtLhaO,video,8922032,5806855,8.68,https://example.com/thumbnail/hmlwy.jpg,1035,organic,User 50,User11,2614,1154,405,https://example.com/profile/DMv2M.jpg,False,True,Partnership with Brand 42,18,Content of post 52,Audio clip 74,https://example.com/user/J7izI
https://example.com/post/KsBFh,HMdgRj3F,Post description 53,#tag51,139,2021-11-21 00:00:00,7562,3,1,Location 5,Comment 121,54,8Y3PiVugpv7qZyn,False,https://example.com/image/OK97x.jpg,IShsb1Ws,image,1229322,2690807,1.91,https://example.com/thumbnail/hLPzO.jpg,1510,organic,User 30,User8,1405,92391,352,https://example.com/profile/bCPYu.jpg,True,True,Partnership with Brand 40,43,Content of post 53,Audio clip 82,https://example.com/user/PXp8U
https://example.com/post/gBB7T,Rc81Ofvs,Post description 54,#tag44,302,2020-07-24 00:00:00,1216,5,2,Location 8,Comment 31,55,iBzDrP8f9PZW0Qd,False,https://example.com/image/9Luxy.jpg,0qpqbFQH,video,2414706,8395829,1.41,https://example.com/thumbnail/J7tj2.jpg,706,organic,User 12,User19,4385,98944,181,https://example.com/profile/6IzgJ.jpg,False,False,Partnership with Brand 22,20,Content of post 54,Audio clip 65,https://example.com/user/rBleb
https://example.com/post/xTxsv,JT2xOYGN,Post description 55,#tag35,375,2020-10-19 00:00:00,3755,5,2,Location 45,Comment 61,56,odoHPaAdxlQWpUY,False,https://example.com/image/oDiQS.jpg,JmIpFdab,video,5556319,2642214,1.82,https://example.com/thumbnail/6LhKD.jpg,651,organic,User 37,User12,1079,8261,41,https://example.com/profile/E9AsN.jpg,False,False,Partnership with Brand 9,37,Content of post 55,Audio clip 67,https://example.com/user/PCMtE
https://example.com/post/NYXkY,Bk7nv10E,Post description 56,#tag91,105,2021-01-09 00:00:00,372,2,2,Location 33,Comment 116,57,ZVMCkHWGyd7hqKC,False,https://example.com/image/npnQY.jpg,ZeagcbXE,image,5882599,6120399,1.44,https://example.com/thumbnail/eu5BI.jpg,369,sponsored,User 34,User7,1731,46679,297,https://example.com/profile/NbUWy.jpg,True,False,Partnership with Brand 37,63,Content of post 56,Audio clip 91,https://example.com/user/fM4xO
https://example.com/post/ARoZI,gL6lp4Iw,Post description 57,#tag34,366,2020-10-15 00:00:00,9048,4,1,Location 7,Comment 110,58,2rjzB9Z5STvUqsZ,False,https://example.com/image/vRVVm.jpg,UGj55GCf,image,2321025,5487496,1.27,https://example.com/thumbnail/FjRAo.jpg,4180,sponsored,User 32,User2,643,75753,325,https://example.com/profile/e7BGR.jpg,True,True,Partnership with Brand 27,20,Content of post 57,Audio clip 83,https://example.com/user/o9SW0
https://example.com/post/cI4Pd,OpOlcsMX,Post description 58,#tag69,161,2021-06-30 00:00:00,3889,0,2,Location 4,Comment 79,59,NVwr9MqRUgFFCwp,False,https://example.com/image/h95ng.jpg,LZiG1kQi,image,5572802,5725109,4.36,https://example.com/thumbnail/cMM51.jpg,4735,sponsored,User 43,User19,4710,40193,345,https://example.com/profile/nVPBP.jpg,True,False,Partnership with Brand 18,15,Content of post 58,Audio clip 26,https://example.com/user/9ZKr5
https://example.com/post/O7iwf,Aho2llFG,Post description 59,#tag10,469,2020-02-01 00:00:00,7193,1,2,Location 5,Comment 180,60,ts65vJ8x8LWUCwl,False,https://example.com/image/jRR6n.jpg,SXpoGNDQ,carousel,5341759,5809480,6.19,https://example.com/thumbnail/p6aFx.jpg,3855,organic,User 19,User7,1506,59590,484,https://example.com/profile/n2Roy.jpg,True,False,Partnership with Brand 8,57,Content of post 59,Audio clip 34,https://example.com/user/sv3RG
https://example.com/post/Vz52O,Sq6xA1NE,Post description 60,#tag83,147,2020-12-21 00:00:00,5572,0,0,Location 32,Comment 63,61,8RpiOSJh388kHdz,False,https://example.com/image/rmQqs.jpg,NX6c6v50,image,7424191,9394385,8.79,https://example.com/thumbnail/HhdyQ.jpg,2790,sponsored,User 42,User6,1770,82128,159,https://example.com/profile/Q0yEp.jpg,False,False,Partnership with Brand 19,30,Content of post 60,Audio clip 73,https://example.com/user/eyUNL
https://example.com/post/0Tgpz,O6xDd8dH,Post description 61,#tag21,184,2021-12-26 00:00:00,5962,3,2,Location 36,Comment 191,62,b3e66qNXuNc3EAb,False,https://example.com/image/rzdce.jpg,29tbF45w,carousel,7317496,2668592,2.83,https://example.com/thumbnail/0BLox.jpg,1920,organic,User 25,User20,2214,93945,181,https://example.com/profile/lMhTe.jpg,False,False,Partnership with Brand 43,53,Content of post 61,Audio clip 10,https://example.com/user/e70KL
https://example.com/post/jCdwl,1KwTuEMr,Post description 62,#tag37,281,2020-12-15 00:00:00,5767,2,0,Location 12,Comment 49,63,u0ngAVaAUfjQIn9,False,https://example.com/image/yFPo5.jpg,tc55mlxj,image,3056801,5479372,1.82,https://example.com/thumbnail/enYrJ.jpg,1837,sponsored,User 25,User3,2043,88569,265,https://example.com/profile/gJh8O.jpg,False,False,Partnership with Brand 14,73,Content of post 62,Audio clip 22,https://example.com/user/1ttAy
https://example.com/post/273db,yzqbypDM,Post description 63,#tag66,114,2022-01-17 00:00:00,3813,0,2,Location 47,Comment 115,64,pgvp66MXrjefnmL,False,https://example.com/image/7pt7g.jpg,OaqMhUsD,image,5043473,6840215,3.88,https://example.com/thumbnail/97MOw.jpg,169,sponsored,User 36,User12,371,11218,86,https://example.com/profile/9SOha.jpg,True,False,Partnership with Brand 39,28,Content of post 63,Audio clip 22,https://example.com/user/moOrY
https://example.com/post/yc1aG,Z1nDo1xX,Post description 64,#tag44,273,2020-04-18 00:00:00,4282,3,2,Location 31,Comment 174,65,Ae4pweUzYr1gSrQ,True,https://example.com/image/DzR35.jpg,V7YmbI77,video,5219061,1446565,0.17,https://example.com/thumbnail/Ofmzi.jpg,2796,sponsored,User 18,User13,4796,23820,268,https://example.com/profile/KCxTC.jpg,False,True,Partnership with Brand 17,66,Content of post 64,Audio clip 6,https://example.com/user/un3zo
https://example.com/post/ZSYqM,VzXflGuY,Post description 65,#tag24,183,2022-05-27 00:00:00,5486,3,0,Location 19,Comment 114,66,CZoBXbM8lkkQNjb,False,https://example.com/image/FSbFC.jpg,C478iMwZ,carousel,2031275,2145490,5.44,https://example.com/thumbnail/IEyoY.jpg,4878,sponsored,User 34,User14,3236,62970,224,https://example.com/profile/lp18D.jpg,False,False,Partnership with Brand 46,99,Content of post 65,Audio clip 33,https://example.com/user/kmfHU
https://example.com/post/ZcfQq,DY2gyWZ5,Post description 66,#tag23,404,2022-01-14 00:00:00,5986,4,2,Location 28,Comment 129,67,w9ADjMGNfHd0zr6,False,https://example.com/image/UiYQy.jpg,nV2u0QPl,image,3772609,6432566,7.82,https://example.com/thumbnail/S6t0I.jpg,2937,organic,User 8,User5,1150,11545,81,https://example.com/profile/fPaER.jpg,True,False,Partnership with Brand 16,30,Content of post 66,Audio clip 5,https://example.com/user/HdvUF
https://example.com/post/ikOP5,AP1j2e6Y,Post description 67,#tag82,373,2022-09-21 00:00:00,2766,1,2,Location 37,Comment 61,68,TMdF7bn40C4PtiZ,True,https://example.com/image/cxnjr.jpg,GdTEBoo5,carousel,1210631,1722320,3.43,https://example.com/thumbnail/fKQOg.jpg,1864,organic,User 46,User19,1637,51396,470,https://example.com/profile/bgS8S.jpg,True,True,Partnership with Brand 46,22,Content of post 67,Audio clip 76,https://example.com/user/q5asS
https://example.com/post/9H5Rv,urqOSWkB,Post description 68,#tag57,44,2021-08-27 00:00:00,681,2,0,Location 5,Comment 121,69,ed7mIT5LuqoHDGE,True,https://example.com/image/sEQ87.jpg,W5hruBoN,image,3852880,7287943,1.11,https://example.com/thumbnail/fyOBt.jpg,4680,sponsored,User 41,User9,817,95596,197,https://example.com/profile/dTltJ.jpg,False,True,Partnership with Brand 41,34,Content of post 68,Audio clip 34,https://example.com/user/Cs7Dd
https://example.com/post/W6YR0,PETsZe2n,Post description 69,#tag33,10,2022-07-25 00:00:00,7851,0,1,Location 25,Comment 195,70,X0gV78OTknXSpdh,True,https://example.com/image/whDJS.jpg,KRfqDff1,carousel,5337722,2698244,5.66,https://example.com/thumbnail/CmoeC.jpg,4834,sponsored,User 1,User4,3596,57921,478,https://example.com/profile/ZeLhr.jpg,False,False,Partnership with Brand 39,95,Content of post 69,Audio clip 19,https://example.com/user/o1LYa
https://example.com/post/a9qt8,ORPG9r3w,Post description 70,#tag9,136,2022-08-17 00:00:00,3644,4,1,Location 3,Comment 75,71,o5nQIweYthRLeif,True,https://example.com/image/VzSef.jpg,b9UTARoX,video,2855122,5533523,8.27,https://example.com/thumbnail/qpj5u.jpg,2381,organic,User 3,User17,3004,55103,385,https://example.com/profile/vnQaS.jpg,True,True,Partnership with Brand 10,31,Content of post 70,Audio clip 22,https://example.com/user/ZgYoo
https://example.com/post/83ATE,blht8QBP,Post description 71,#tag46,187,2021-02-10 00:00:00,3127,2,1,Location 46,Comment 171,72,yR2NIcYFQcJ00Iu,True,https://example.com/image/j1Pdq.jpg,8YBKof5E,image,7993261,4918258,5.57,https://example.com/thumbnail/vA19k.jpg,4182,organic,User 13,User1,1565,27315,411,https://example.com/profile/5EFSa.jpg,False,False,Partnership with Brand 32,85,Content of post 71,Audio clip 53,https://example.com/user/OjCiq
https://example.com/post/7ozM8,L7UWFFDQ,Post description 72,#tag57,341,2022-02-17 00:00:00,367,0,1,Location 43,Comment 42,73,1SNG4u77rc2amJy,False,https://example.com/image/hxL8n.jpg,phdDP7jR,carousel,5838588,2873291,0.23,https://example.com/thumbnail/XTfhm.jpg,114,sponsored,User 22,User7,713,12857,463,https://example.com/profile/mlJ7B.jpg,True,False,Partnership with Brand 22,81,Content of post 72,Audio clip 3,https://example.com/user/d9nL7
https://example.com/post/AzFBm,8wiTxf1e,Post description 73,#tag83,456,2020-10-21 00:00:00,6223,5,2,Location 10,Comment 66,74,LDQi4CUSmJ1OLsC,False,https://example.com/image/SILSH.jpg,ZlDBC6oU,video,4282218,8439048,7.41,https://example.com/thumbnail/CkwbQ.jpg,4888,organic,User 4,User2,4694,93062,460,https://example.com/profile/ZP1tF.jpg,True,False,Partnership with Brand 6,91,Content of post 73,Audio clip 38,https://example.com/user/1WSl7
https://example.com/post/rIClz,Qcd0U0ab,Post description 74,#tag52,447,2020-12-02 00:00:00,9867,0,1,Location 46,Comment 177,75,G8yBnen2e8AQKpw,False,https://example.com/image/7b30a.jpg,QTWbKvQR,image,8102500,8105473,0.87,https://example.com/thumbnail/CfPnr.jpg,3305,sponsored,User 32,User3,2579,47695,412,https://example.com/profile/liniW.jpg,True,False,Partnership with Brand 10,95,Content of post 74,Audio clip 31,https://example.com/user/oFgz0
https://example.com/post/IQogR,wIFktDeJ,Post description 75,#tag36,45,2020-02-17 00:00:00,3914,5,0,Location 19,Comment 7,76,VEd3yOZeAAeHvxQ,True,https://example.com/image/dNPGa.jpg,j2Cv1z3z,image,3360807,3184848,6.39,https://example.com/thumbnail/jjDdl.jpg,1021,organic,User 44,User15,2398,5611,43,https://example.com/profile/G5Odo.jpg,False,False,Partnership with Brand 18,2,Content of post 75,Audio clip 15,https://example.com/user/PAIm7
https://example.com/post/1xHEb,cpdZ24aW,Post description 76,#tag84,31,2020-02-05 00:00:00,5123,2,0,Location 28,Comment 196,77,GXqx75R96k3azwB,False,https://example.com/image/TxMJk.jpg,OoncwUcA,video,4331972,3080121,8.37,https://example.com/thumbnail/sT1Se.jpg,2023,sponsored,User 5,User7,801,71860,343,https://example.com/profile/kHzqj.jpg,True,False,Partnership with Brand 12,55,Content of post 76,Audio clip 35,https://example.com/user/zJwJk
https://example.com/post/elkEi,2IPsOwAj,Post description 77,#tag64,209,2021-03-28 00:00:00,7538,1,1,Location 3,Comment 82,78,AqC09u9yV4hRC2H,True,https://example.com/image/yHow6.jpg,gfSk1Tqv,video,6415696,8074771,2.75,https://example.com/thumbnail/3DG9f.jpg,1201,organic,User 38,User8,838,15709,206,https://example.com/profile/ZBR7j.jpg,True,True,Partnership with Brand 40,36,Content of post 77,Audio clip 71,https://example.com/user/CGfHh
https://example.com/post/7Ohay,tMAeQEm8,Post description 78,#tag88,130,2021-08-05 00:00:00,3003,0,1,Location 20,Comment 131,79,UfVIMkjcJa2dBnR,False,https://example.com/image/AVgxW.jpg,VlmVxIHG,video,7046231,4595232,7.69,https://example.com/thumbnail/1YhD5.jpg,856,organic,User 43,User14,4559,81269,11,https://example.com/profile/6YP6d.jpg,True,False,Partnership with Brand 42,20,Content of post 78,Audio clip 26,https://example.com/user/bXXlh
https://example.com/post/bRjT5,hBop76fe,Post description 79,#tag18,362,2022-07-09 00:00:00,1514,3,2,Location 48,Comment 114,80,prNHD1TkNv1OPRU,False,https://example.com/image/j2b2Z.jpg,ZAPFeBI4,carousel,7815393,8446107,0.96,https://example.com/thumbnail/qVE1x.jpg,4797,organic,User 37,User16,666,48465,11,https://example.com/profile/ZfcGC.jpg,False,True,Partnership with Brand 38,77,Content of post 79,Audio clip 40,https://example.com/user/ucNcR
https://example.com/post/6r53l,zoTMVxik,Post description 80,#tag62,153,2021-05-02 00:00:00,3043,2,2,Location 44,Comment 52,81,PxsoIOJGbddDAc0,False,https://example.com/image/5Iqzt.jpg,ut67pFpU,video,7900330,5988823,1.87,https://example.com/thumbnail/YMFhG.jpg,3437,organic,User 38,User7,126,82367,469,https://example.com/profile/4XMF6.jpg,True,False,Partnership with Brand 30,79,Content of post 80,Audio clip 91,https://example.com/user/aHqaV
https://example.com/post/F46pc,HiQWc6oP,Post description 81,#tag89,74,2021-06-16 00:00:00,5390,1,2,Location 9,Comment 43,82,ngrhnwmHujujHnh,False,https://example.com/image/EeMVC.jpg,qmtxODgi,image,6651497,6970754,1.53,https://example.com/thumbnail/1LBvB.jpg,895,sponsored,User 11,User19,1740,39848,469,https://example.com/profile/XxBbb.jpg,False,True,Partnership with Brand 44,27,Content of post 81,Audio clip 64,https://example.com/user/81abS
https://example.com/post/0Kogi,lQROsAza,Post description 82,#tag89,467,2021-05-21 00:00:00,2790,1,0,Location 8,Comment 45,83,FIeFrz3QscMfVXY,True,https://example.com/image/k17Pz.jpg,4GAs293n,carousel,4331963,4866022,9.06,https://example.com/thumbnail/sL9nq.jpg,395,organic,User 29,User2,2120,63587,266,https://example.com/profile/J3H2S.jpg,True,True,Partnership with Brand 13,71,Content of post 82,Audio clip 71,https://example.com/user/71q1Y
https://example.com/post/9liCT,GYeFzgra,Post description 83,#tag79,178,2022-08-22 00:00:00,5279,1,2,Location 38,Comment 48,84,eXwSMksyWIZaA0U,True,https://example.com/image/mCF17.jpg,nJYJGdcZ,image,5662359,8293654,2.41,https://example.com/thumbnail/3wocI.jpg,4194,sponsored,User 37,User17,1214,57237,354,https://example.com/profile/SbmaQ.jpg,True,False,Partnership with Brand 4,46,Content of post 83,Audio clip 65,https://example.com/user/VzFeD
https://example.com/post/N244B,ahzESf7R,Post description 84,#tag35,465,2020-01-13 00:00:00,1630,5,2,Location 11,Comment 74,85,z2aul4xxoB8GBtc,True,https://example.com/image/G193I.jpg,uMho6gn9,carousel,6814375,2549130,4.91,https://example.com/thumbnail/N4MFZ.jpg,2905,organic,User 5,User5,2281,10092,423,https://example.com/profile/8Ew6H.jpg,True,True,Partnership with Brand 10,43,Content of post 84,Audio clip 85,https://example.com/user/WXC8H
https://example.com/post/oMkLq,Wku9uygX,Post description 85,#tag15,257,2022-03-16 00:00:00,9271,0,0,Location 48,Comment 31,86,Cw5FqCHY3gp6TK4,True,https://example.com/image/KFw7n.jpg,vBZCM826,video,4406971,1355051,4.0,https://example.com/thumbnail/qv9bY.jpg,186,sponsored,User 33,User11,257,15556,157,https://example.com/profile/HShnw.jpg,False,True,Partnership with Brand 20,92,Content of post 85,Audio clip 68,https://example.com/user/jBtAm
https://example.com/post/lURVf,g5A8lUQV,Post description 86,#tag92,429,2022-09-20 00:00:00,7413,5,1,Location 8,Comment 44,87,yBkrF7DgjuJL1VK,True,https://example.com/image/4tdri.jpg,2IiICiYY,carousel,1122747,1557804,8.71,https://example.com/thumbnail/zlLIv.jpg,507,sponsored,User 43,User2,365,90005,294,https://example.com/profile/26fCB.jpg,True,True,Partnership with Brand 5,66,Content of post 86,Audio clip 74,https://example.com/user/lgm8p
https://example.com/post/1SFZ9,kExrmT0j,Post description 87,#tag53,32,2020-05-23 00:00:00,3480,2,2,Location 2,Comment 10,88,AjoDDxM6MbefDar,True,https://example.com/image/DqUfK.jpg,XI1hcI2d,carousel,8888916,8799644,4.0,https://example.com/thumbnail/5eaua.jpg,2539,organic,User 40,User4,2059,57193,17,https://example.com/profile/6H2z3.jpg,False,True,Partnership with Brand 17,99,Content of post 87,Audio clip 62,https://example.com/user/6UrpC
https://example.com/post/wiqDT,JO5zYlap,Post description 88,#tag55,185,2020-03-09 00:00:00,6815,5,0,Location 41,Comment 176,89,L4mulGGqNCTEVV4,True,https://example.com/image/HyTo5.jpg,kRJik97t,carousel,6535857,2590508,7.08,https://example.com/thumbnail/ss4QT.jpg,2098,sponsored,User 39,User18,4246,78839,139,https://example.com/profile/rdpDu.jpg,True,True,Partnership with Brand 15,23,Content of post 88,Audio clip 100,https://example.com/user/xHMFD
https://example.com/post/sXMZ7,poBPlqSg,Post description 89,#tag100,203,2020-07-07 00:00:00,4139,4,1,Location 22,Comment 139,90,9QUjfQO1wzuU8RX,True,https://example.com/image/sAazH.jpg,bSPH7luj,image,8834627,3965709,6.47,https://example.com/thumbnail/7oi4W.jpg,4560,organic,User 18,User5,3875,81867,453,https://example.com/profile/m0KXc.jpg,False,True,Partnership with Brand 37,31,Content of post 89,Audio clip 21,https://example.com/user/XAZNT
https://example.com/post/5ZA7V,bK1sAsgX,Post description 90,#tag44,164,2021-11-16 00:00:00,1667,2,1,Location 42,Comment 8,91,tzWNgi0bbFIwluX,True,https://example.com/image/LFZij.jpg,RYXV2LHz,image,2920810,2226801,3.48,https://example.com/thumbnail/48ZnB.jpg,4035,sponsored,User 22,User20,3138,74127,286,https://example.com/profile/GP8df.jpg,False,True,Partnership with Brand 33,44,Content of post 90,Audio clip 53,https://example.com/user/syeMS
https://example.com/post/ZpB0y,XIOvm36s,Post description 91,#tag75,319,2020-01-28 00:00:00,8803,4,2,Location 18,Comment 169,92,TuUkLt8s1tRUBCO,True,https://example.com/image/gc8AX.jpg,ge0LXs5j,video,7011188,7960545,0.71,https://example.com/thumbnail/RNChR.jpg,2701,organic,User 1,User14,2383,62376,483,https://example.com/profile/L6OhV.jpg,True,True,Partnership with Brand 43,50,Content of post 91,Audio clip 65,https://example.com/user/yjRHs
https://example.com/post/OrHsf,WRIrVNoQ,Post description 92,#tag28,127,2020-07-28 00:00:00,6495,4,2,Location 20,Comment 24,93,YBeNgfuf1sjPSsc,False,https://example.com/image/H1RuZ.jpg,B7NoYTRG,video,1973704,1719364,1.33,https://example.com/thumbnail/eRe7J.jpg,1271,sponsored,User 32,User2,1408,36331,376,https://example.com/profile/RyImz.jpg,False,False,Partnership with Brand 3,58,Content of post 92,Audio clip 66,https://example.com/user/7KMhp
https://example.com/post/9TCVe,f9jUKdXl,Post description 93,#tag40,29,2021-12-06 00:00:00,7060,1,0,Location 32,Comment 29,94,nLCMlalXEbSZQGe,True,https://example.com/image/HNiy8.jpg,WMU7xHed,video,8224246,2235054,1.05,https://example.com/thumbnail/oNnuS.jpg,3758,sponsored,User 3,User8,2520,56167,443,https://example.com/profile/m5gc5.jpg,False,False,Partnership with Brand 33,43,Content of post 93,Audio clip 86,https://example.com/user/0hYuF
https://example.com/post/2Rrpf,5N9MRprw,Post description 94,#tag18,4,2022-09-14 00:00:00,4685,1,2,Location 19,Comment 92,95,xYJgoVmEa6EpAp3,True,https://example.com/image/z37GO.jpg,GGp2Qieb,video,1614843,9762278,3.71,https://example.com/thumbnail/tmOXa.jpg,3598,organic,User 17,User10,665,85145,344,https://example.com/profile/tih89.jpg,True,True,Partnership with Brand 40,86,Content of post 94,Audio clip 35,https://example.com/user/Li8V9
https://example.com/post/GC39W,KlMy2HC2,Post description 95,#tag28,396,2021-10-28 00:00:00,706,2,1,Location 11,Comment 107,96,EFCYQ4ME2DzZdgf,True,https://example.com/image/6FRnS.jpg,Qhk8eNej,carousel,3979410,8230848,3.83,https://example.com/thumbnail/BxdEn.jpg,4890,organic,User 42,User15,2597,24314,192,https://example.com/profile/qZ9Ux.jpg,False,True,Partnership with Brand 11,1,Content of post 95,Audio clip 58,https://example.com/user/P1hTL
https://example.com/post/OuAKU,3QJPczCG,Post description 96,#tag21,157,2022-08-01 00:00:00,2377,0,1,Location 32,Comment 57,97,4pgFh3uylpKo5wA,False,https://example.com/image/kAhUG.jpg,gaS3pbmx,image,5739103,9257577,8.61,https://example.com/thumbnail/vRWTb.jpg,3264,sponsored,User 24,User17,4641,89889,85,https://example.com/profile/qO99z.jpg,True,True,Partnership with Brand 3,19,Content of post 96,Audio clip 80,https://example.com/user/xcUjP
https://example.com/post/jWQM7,MkXVJ8s7,Post description 97,#tag98,118,2020-11-18 00:00:00,8455,3,2,Location 50,Comment 14,98,GMs6ACoNOaT9Dw9,False,https://example.com/image/mLsoI.jpg,IQcsNfr9,image,1802100,9097753,4.07,https://example.com/thumbnail/O118p.jpg,1213,organic,User 33,User6,3959,5358,408,https://example.com/profile/bvDdv.jpg,True,False,Partnership with Brand 13,17,Content of post 97,Audio clip 14,https://example.com/user/wPoC3
https://example.com/post/JrzR8,0mOvdFlj,Post description 98,#tag74,222,2020-01-25 00:00:00,2508,2,0,Location 3,Comment 165,99,ZSnCC27ZpMbIPYF,False,https://example.com/image/ZJmsz.jpg,l1STUDeg,video,5814681,1505010,4.09,https://example.com/thumbnail/17RK4.jpg,4068,organic,User 20,User19,2464,39423,412,https://example.com/profile/Zcuju.jpg,True,True,Partnership with Brand 16,48,Content of post 98,Audio clip 34,https://example.com/user/GIXcG
https://example.com/post/uNQad,jaEjJQQ5,Post description 99,#tag56,301,2022-09-12 00:00:00,171,5,1,Location 47,Comment 122,100,pgDSNCIXNYl6LUN,True,https://example.com/image/0RxVU.jpg,NUCnu7kA,video,4601048,1097607,0.58,https://example.com/thumbnail/YgCuZ.jpg,4324,organic,User 14,User7,1922,18610,448,https://example.com/profile/bwqWX.jpg,True,False,Partnership with Brand 18,100,Content of post 99,Audio clip 66,https://example.com/user/Gd97p
